"","Season","Year","Week","Estimated_total_flu_US","ILI_per_pop_weighted","Percent_Pos_Labs","US_pop"
"1","1997-1998",1997,40,0,1.10148,0,272650000
"2","1997-1998",1997,41,16651.8943870465,1.20007,0.00727032,272650000
"3","1997-1998",1997,42,28823.6579147328,1.37876,0.0109536,272650000
"4","1997-1998",1997,43,9599.2444083508,1.1992,0.00419413,272650000
"5","1997-1998",1997,44,16662.6334619917,1.65618,0.00527148,272650000
"6","1997-1998",1997,45,7684.543235677,1.41326,0.002849,272650000
"7","1997-1998",1997,46,13763.7128604864,1.9868,0.00362976,272650000
"8","1997-1998",1997,47,42414.7598806455,2.44749,0.00908014,272650000
"9","1997-1998",1997,48,54773.58319711,1.73901,0.0165031,272650000
"10","1997-1998",1997,49,56786.1835183758,1.93919,0.0153433,272650000
"11","1997-1998",1997,50,138287.958999566,2.28166,0.0317563,272650000
"12","1997-1998",1997,51,341047.953306596,2.50761,0.071261,272650000
"13","1997-1998",1997,52,989270.989964768,4.11352,0.126008,272650000
"14","1997-1998",1997,53,1926214.17624798,5.62372,0.179464,272650000
"15","1997-1998",1998,1,1630479.63033037,4.37398,0.193049,275850000
"16","1997-1998",1998,2,1694606.99130041,4.19434,0.209235,275850000
"17","1997-1998",1998,3,2681232.02203711,5.42123,0.256133,275850000
"18","1997-1998",1998,4,3068387.63894263,5.66137,0.280684,275850000
"19","1997-1998",1998,5,3084081.42433154,5.97802,0.267176,275850000
"20","1997-1998",1998,6,2228866.52188536,4.7358,0.243736,275850000
"21","1997-1998",1998,7,1339147.62403985,3.44581,0.201264,275850000
"22","1997-1998",1998,8,681318.321419295,2.47799,0.14239,275850000
"23","1997-1998",1998,9,310022.774183304,1.65732,0.096876,275850000
"24","1997-1998",1998,10,289019.983810068,1.96952,0.075997,275850000
"25","1997-1998",1998,11,165815.638664965,1.58545,0.0541629,275850000
"26","1997-1998",1998,12,142933.734681167,1.80474,0.0410156,275850000
"27","1997-1998",1998,13,56417.7481076664,1.04624,0.0279263,275850000
"28","1997-1998",1998,14,60012.684939816,1.4004,0.0221932,275850000
"29","1997-1998",1998,15,44222.5476039974,0.79687,0.0287399,275850000
"30","1997-1998",1998,16,20463.1935694083,0.717097,0.0147783,275850000
"31","1997-1998",1998,17,25055.638581645,1.00238,0.012945,275850000
"32","1997-1998",1998,18,24575.5486680149,0.908403,0.0140105,275850000
"33","1997-1998",1998,19,7417.09127591032,0.443014,0.00867052,275850000
"34","1997-1998",1998,20,11838.6428482345,0.638986,0.00959488,275850000
"35",NA,1998,21,0,0,0,275850000
"36",NA,1998,22,0,0,0,275850000
"37",NA,1998,23,0,0,0,275850000
"38",NA,1998,24,0,0,0,275850000
"39",NA,1998,25,0,0,0,275850000
"40",NA,1998,26,0,0,0,275850000
"41",NA,1998,27,0,0,0,275850000
"42",NA,1998,28,0,0,0,275850000
"43",NA,1998,29,0,0,0,275850000
"44",NA,1998,30,0,0,0,275850000
"45",NA,1998,31,0,0,0,275850000
"46",NA,1998,32,0,0,0,275850000
"47",NA,1998,33,0,0,0,275850000
"48",NA,1998,34,0,0,0,275850000
"49",NA,1998,35,0,0,0,275850000
"50",NA,1998,36,0,0,0,275850000
"51",NA,1998,37,0,0,0,275850000
"52",NA,1998,38,0,0,0,275850000
"53",NA,1998,39,0,0,0,275850000
"54","1998-1999",1998,40,4329.40520440071,1.57733,0.00142146,275850000
"55","1998-1999",1998,41,8696.5937021376,1.3088,0.00344116,275850000
"56","1998-1999",1998,42,4964.32632188304,1.41744,0.00181378,275850000
"57","1998-1999",1998,43,7553.83102113024,1.18272,0.00330761,275850000
"58","1998-1999",1998,44,39558.3734358968,2.33432,0.00877621,275850000
"59","1998-1999",1998,45,22091.0236949314,1.81577,0.00630063,275850000
"60","1998-1999",1998,46,16417.3270774117,2.17975,0.00390054,275850000
"61","1998-1999",1998,47,38331.6640274988,2.1124,0.00939746,275850000
"62","1998-1999",1998,48,46206.8810126469,2.04854,0.0116813,275850000
"63","1998-1999",1998,49,69045.4757594448,1.93248,0.0185033,275850000
"64","1998-1999",1998,50,63620.0438204772,1.90468,0.0172982,275850000
"65","1998-1999",1998,51,185890.746636013,2.55983,0.0376076,275850000
"66","1998-1999",1998,52,455673.650694935,3.99108,0.0591279,275850000
"67","1998-1999",1999,1,566142.796999736,3.08581,0.0939274,279040000
"68","1998-1999",1999,2,1200416.84478679,4.16383,0.147596,279040000
"69","1998-1999",1999,3,2212273.06854328,5.58049,0.202956,279040000
"70","1998-1999",1999,4,2264928.24825487,5.25328,0.220729,279040000
"71","1998-1999",1999,5,3599686.80183491,6.74667,0.273156,279040000
"72","1998-1999",1999,6,4184579.56977285,7.57188,0.282933,279040000
"73","1998-1999",1999,7,3424544.99208228,6.87287,0.255094,279040000
"74","1998-1999",1999,8,3129433.23770005,6.35098,0.252267,279040000
"75","1998-1999",1999,9,2470830.85322877,5.41099,0.233777,279040000
"76","1998-1999",1999,10,1829730.5865216,4.55008,0.205875,279040000
"77","1998-1999",1999,11,1177458.29397594,3.85915,0.156203,279040000
"78","1998-1999",1999,12,837556.586692761,2.99601,0.143122,279040000
"79","1998-1999",1999,13,319139.101482593,1.97814,0.0825959,279040000
"80","1998-1999",1999,14,180841.963903229,1.16887,0.0792079,279040000
"81","1998-1999",1999,15,137700.278878525,1.09302,0.0644974,279040000
"82","1998-1999",1999,16,32546.2326058563,0.633169,0.0263158,279040000
"83","1998-1999",1999,17,31569.3374070897,0.639561,0.0252708,279040000
"84","1998-1999",1999,18,52591.8776492749,1.55531,0.0173116,279040000
"85","1998-1999",1999,19,17733.6586377216,0.80802,0.011236,279040000
"86","1998-1999",1999,20,29646.309952663,1.33997,0.0113269,279040000
"87",NA,1999,21,0,0,0.0292887,279040000
"88",NA,1999,22,0,0,0.0103093,279040000
"89",NA,1999,23,0,0,0,279040000
"90",NA,1999,24,0,0,0,279040000
"91",NA,1999,25,0,0,0,279040000
"92",NA,1999,26,0,0,0,279040000
"93",NA,1999,27,0,0,0,279040000
"94",NA,1999,28,0,0,0,279040000
"95",NA,1999,29,0,0,0,279040000
"96",NA,1999,30,0,0,0,279040000
"97",NA,1999,31,0,0,0,279040000
"98",NA,1999,32,0,0,0,279040000
"99",NA,1999,33,0,0,0,279040000
"100",NA,1999,34,0,0,0,279040000
"101",NA,1999,35,0,0,0,279040000
"102",NA,1999,36,0,0,0,279040000
"103",NA,1999,37,0,0,0,279040000
"104",NA,1999,38,0,0,0,279040000
"105",NA,1999,39,0,0,0,279040000
"106","1999-2000",1999,40,17323.5240728847,0.831219,0.0106698,279040000
"107","1999-2000",1999,41,29137.2433688448,1.40445,0.0106213,279040000
"108","1999-2000",1999,42,57665.9582924544,1.31721,0.022413,279040000
"109","1999-2000",1999,43,71149.1163462016,1.38161,0.0263645,279040000
"110","1999-2000",1999,44,108204.63172331,1.41607,0.0391198,279040000
"111","1999-2000",1999,45,166580.949072886,1.48438,0.0574534,279040000
"112","1999-2000",1999,46,240603.140781302,1.52614,0.0807128,279040000
"113","1999-2000",1999,47,382191.712389939,1.85336,0.105574,279040000
"114","1999-2000",1999,48,623535.150272025,2.32907,0.137061,279040000
"115","1999-2000",1999,49,1008729.20381901,2.70254,0.19109,279040000
"116","1999-2000",1999,50,1597286.63158472,3.50454,0.233339,279040000
"117","1999-2000",1999,51,3270361.21847429,5.40799,0.309596,279040000
"118","1999-2000",1999,52,4040443.64947579,7.04228,0.293732,279040000
"119","1999-2000",2000,1,3337772.04104684,6.76846,0.249674,282160000
"120","1999-2000",2000,2,2325972.07312315,5.52808,0.213028,282160000
"121","1999-2000",2000,3,1256995.69916404,3.80508,0.167254,282160000
"122","1999-2000",2000,4,854319.96283391,3.41177,0.126779,282160000
"123","1999-2000",2000,5,505281.518784,2.4,0.106593,282160000
"124","1999-2000",2000,6,379148.920856832,1.8912,0.101503,282160000
"125","1999-2000",2000,7,199795.448219003,1.35503,0.0746523,282160000
"126","1999-2000",2000,8,167479.049840921,1.33212,0.0636537,282160000
"127","1999-2000",2000,9,109171.157188355,1.49127,0.0370645,282160000
"128","1999-2000",2000,10,85591.1707163363,1.26826,0.0341686,282160000
"129","1999-2000",2000,11,56535.3775054118,1.05854,0.0270408,282160000
"130","1999-2000",2000,12,31982.72437045,0.92201,0.0175625,282160000
"131","1999-2000",2000,13,21669.7046930066,0.892334,0.0122951,282160000
"132","1999-2000",2000,14,23154.3034292737,0.929201,0.0126162,282160000
"133","1999-2000",2000,15,22014.7811169866,0.655592,0.0170015,282160000
"134","1999-2000",2000,16,22751.4393832055,0.607002,0.0189769,282160000
"135","1999-2000",2000,17,17112.9992733685,0.600003,0.0144404,282160000
"136","1999-2000",2000,18,10187.3554734766,0.547247,0.00942507,282160000
"137","1999-2000",2000,19,1987.28546487233,0.476417,0.00211193,282160000
"138","1999-2000",2000,20,2036.39322415439,0.445917,0.00231214,282160000
"139",NA,2000,21,0,0,0.00777202,282160000
"140",NA,2000,22,0,0,0.00483871,282160000
"141",NA,2000,23,0,0,0.0045045,282160000
"142",NA,2000,24,0,0,0.00147059,282160000
"143",NA,2000,25,0,0,0,282160000
"144",NA,2000,26,0,0,0.00181488,282160000
"145",NA,2000,27,0,0,0,282160000
"146",NA,2000,28,0,0,0,282160000
"147",NA,2000,29,0,0,0,282160000
"148",NA,2000,30,0,0,0,282160000
"149",NA,2000,31,0,0,0,282160000
"150",NA,2000,32,0,0,0,282160000
"151",NA,2000,33,0,0,0,282160000
"152",NA,2000,34,0,0,0,282160000
"153",NA,2000,35,0,0,0,282160000
"154",NA,2000,36,0,0,0,282160000
"155",NA,2000,37,0,0,0,282160000
"156",NA,2000,38,0,0,0,282160000
"157",NA,2000,39,0,0,0,282160000
"158","2000-2001",2000,40,1482.59409954057,1.04113,0.000720981,282160000
"159","2000-2001",2000,41,6824.62655826112,1.2871,0.00268456,282160000
"160","2000-2001",2000,42,5994.21569604805,1.28299,0.00236546,282160000
"161","2000-2001",2000,43,22029.5032285203,1.34081,0.00831848,282160000
"162","2000-2001",2000,44,16983.6194304224,1.0555,0.00814664,282160000
"163","2000-2001",2000,45,44795.8770340435,1.14136,0.0198711,282160000
"164","2000-2001",2000,46,56066.8474691186,1.44111,0.0196977,282160000
"165","2000-2001",2000,47,135248.570202001,1.95735,0.0349841,282160000
"166","2000-2001",2000,48,125122.169798196,1.61928,0.0391218,282160000
"167","2000-2001",2000,49,199728.686814586,1.7844,0.0566702,282160000
"168","2000-2001",2000,50,319514.542504638,2.34423,0.0690076,282160000
"169","2000-2001",2000,51,622391.84660791,2.69528,0.116914,282160000
"170","2000-2001",2000,52,1057715.60626514,3.8618,0.138671,282160000
"171","2000-2001",2001,1,935040.20847825,3.505,0.133735,284970000
"172","2000-2001",2001,2,1220431.53657765,3.43804,0.177953,284970000
"173","2000-2001",2001,3,1937006.58454111,4.3928,0.221051,284970000
"174","2000-2001",2001,4,1951197.68513139,4.21339,0.232152,284970000
"175","2000-2001",2001,5,1817981.54051729,4.35364,0.209334,284970000
"176","2000-2001",2001,6,1401415.44546595,3.69969,0.189891,284970000
"177","2000-2001",2001,7,867561.875202061,2.81921,0.154268,284970000
"178","2000-2001",2001,8,709686.557149588,2.55294,0.139357,284970000
"179","2000-2001",2001,9,434564.22391091,1.90167,0.114557,284970000
"180","2000-2001",2001,10,241252.391401738,1.68033,0.0719747,284970000
"181","2000-2001",2001,11,191574.787651443,1.6254,0.0590855,284970000
"182","2000-2001",2001,12,168259.100420757,1.45957,0.0577905,284970000
"183","2000-2001",2001,13,115551.031063894,1.32376,0.043759,284970000
"184","2000-2001",2001,14,59998.9553457061,0.920073,0.0326907,284970000
"185","2000-2001",2001,15,34628.8842311495,0.779257,0.0222772,284970000
"186","2000-2001",2001,16,50925.8370682362,0.991303,0.0257534,284970000
"187","2000-2001",2001,17,21122.344495464,0.82693,0.0128049,284970000
"188","2000-2001",2001,18,6919.8401906492,0.588952,0.00589005,284970000
"189","2000-2001",2001,19,6222.3138336034,0.605586,0.00515085,284970000
"190","2000-2001",2001,20,6738.7521047907,0.49434,0.00683371,284970000
"191",NA,2001,21,0,0,0.000888889,284970000
"192",NA,2001,22,0,0,0.00204708,284970000
"193",NA,2001,23,0,0,0.00191205,284970000
"194",NA,2001,24,0,0,0.0263158,284970000
"195",NA,2001,25,0,0,0,284970000
"196",NA,2001,26,0,0,0,284970000
"197",NA,2001,27,0,0,0,284970000
"198",NA,2001,28,0,0,0,284970000
"199",NA,2001,29,0,0,0,284970000
"200",NA,2001,30,0,0,0,284970000
"201",NA,2001,31,0,0,0,284970000
"202",NA,2001,32,0,0,0,284970000
"203",NA,2001,33,0,0,0,284970000
"204",NA,2001,34,0,0,0,284970000
"205",NA,2001,35,0,0,0,284970000
"206",NA,2001,36,0,0,0,284970000
"207",NA,2001,37,0,0,0,284970000
"208",NA,2001,38,0,0,0,284970000
"209",NA,2001,39,0,0,0,284970000
"210","2001-2002",2001,40,19504.8312258852,1.41046,0.00693241,284970000
"211","2001-2002",2001,41,12477.5915362501,1.77019,0.00353357,284970000
"212","2001-2002",2001,42,17600.2400143513,1.61904,0.00544959,284970000
"213","2001-2002",2001,43,37931.3057035679,1.77065,0.0107391,284970000
"214","2001-2002",2001,44,29507.2481987388,1.93891,0.00762911,284970000
"215","2001-2002",2001,45,22996.9952232655,1.63439,0.00705372,284970000
"216","2001-2002",2001,46,83338.7478619168,1.90363,0.0219466,284970000
"217","2001-2002",2001,47,57922.3888157536,1.80556,0.0160819,284970000
"218","2001-2002",2001,48,107901.835042737,1.75506,0.0308205,284970000
"219","2001-2002",2001,49,108689.922473032,1.53023,0.035607,284970000
"220","2001-2002",2001,50,134160.981501576,1.46161,0.0460148,284970000
"221","2001-2002",2001,51,226729.404252019,1.96048,0.057976,284970000
"222","2001-2002",2001,52,369090.822585935,2.20435,0.0839374,284970000
"223","2001-2002",2002,1,418745.37445403,2.1348,0.0974228,287630000
"224","2001-2002",2002,2,528125.088763402,1.89441,0.138462,287630000
"225","2001-2002",2002,3,1125220.00688589,2.83109,0.197402,287630000
"226","2001-2002",2002,4,1422086.17688631,3.30481,0.213721,287630000
"227","2001-2002",2002,5,1657210.46122756,3.61063,0.227962,287630000
"228","2001-2002",2002,6,1573119.90271491,3.42799,0.227924,287630000
"229","2001-2002",2002,7,1810056.01342012,3.76715,0.238642,287630000
"230","2001-2002",2002,8,1805759.05573061,3.60018,0.249117,287630000
"231","2001-2002",2002,9,1476890.61800946,3.20024,0.22921,287630000
"232","2001-2002",2002,10,1247969.67258948,2.92633,0.211811,287630000
"233","2001-2002",2002,11,1065631.65987148,2.85857,0.185151,287630000
"234","2001-2002",2002,12,714671.08825414,2.34745,0.151209,287630000
"235","2001-2002",2002,13,618538.026848819,2.23498,0.137455,287630000
"236","2001-2002",2002,14,497956.18469233,1.99355,0.12406,287630000
"237","2001-2002",2002,15,300009.361874544,1.37168,0.10863,287630000
"238","2001-2002",2002,16,334891.811231155,1.27033,0.130935,287630000
"239","2001-2002",2002,17,172462.574061758,0.999331,0.0857143,287630000
"240","2001-2002",2002,18,241285.73360304,1.172,0.102252,287630000
"241","2001-2002",2002,19,182526.154236936,1.03472,0.0876133,287630000
"242","2001-2002",2002,20,84978.7295430288,0.703599,0.0599864,287630000
"243",NA,2002,21,0,0,0.0491551,287630000
"244",NA,2002,22,0,0,0.0361809,287630000
"245",NA,2002,23,0,0,0.0274262,287630000
"246",NA,2002,24,0,0,0.00823529,287630000
"247",NA,2002,25,0,0,0.00289017,287630000
"248",NA,2002,26,0,0,0.00571429,287630000
"249",NA,2002,27,0,0,0.00408163,287630000
"250",NA,2002,28,0,0,0.00169205,287630000
"251",NA,2002,29,0,0,0,287630000
"252",NA,2002,30,0,0,0.00332779,287630000
"253",NA,2002,31,0,0,0,287630000
"254",NA,2002,32,0,0,0,287630000
"255",NA,2002,33,0,0,0,287630000
"256",NA,2002,34,0,0,0,287630000
"257",NA,2002,35,0,0,0.00170068,287630000
"258",NA,2002,36,0,0,0,287630000
"259",NA,2002,37,0,0,0,287630000
"260",NA,2002,38,0,0,0.00631579,287630000
"261",NA,2002,39,0,0,0.00511509,287630000
"262","2002-2003",2002,40,0,1.22262,0,287630000
"263","2002-2003",2002,41,5309.35735714474,1.33344,0.00197759,287630000
"264","2002-2003",2002,42,0,1.31929,0,287630000
"265","2002-2003",2002,43,10179.4645183836,1.49484,0.00338219,287630000
"266","2002-2003",2002,44,10869.0862077643,1.47195,0.00366748,287630000
"267","2002-2003",2002,45,8005.73369681748,1.58094,0.00251509,287630000
"268","2002-2003",2002,46,14278.8570788857,1.49426,0.00474608,287630000
"269","2002-2003",2002,47,29777.7020859018,1.40569,0.0105213,287630000
"270","2002-2003",2002,48,25656.6819547739,1.6141,0.00789474,287630000
"271","2002-2003",2002,49,48697.807874779,1.45967,0.01657,287630000
"272","2002-2003",2002,50,125261.836207317,1.59896,0.0389089,287630000
"273","2002-2003",2002,51,286368.497907837,2.16697,0.0656357,287630000
"274","2002-2003",2002,52,350771.561086485,2.57842,0.0675676,287630000
"275","2002-2003",2003,1,272503.764899853,2.38636,0.056231,290110000
"276","2002-2003",2003,2,310443.79304664,1.73621,0.0880481,290110000
"277","2002-2003",2003,3,481215.118475308,2.06296,0.114865,290110000
"278","2002-2003",2003,4,855369.016061139,2.58113,0.163186,290110000
"279","2002-2003",2003,5,1223524.4585459,2.93909,0.204993,290110000
"280","2002-2003",2003,6,1726874.85709009,3.22539,0.263644,290110000
"281","2002-2003",2003,7,1578523.57789337,3.06982,0.253208,290110000
"282","2002-2003",2003,8,1465884.59737357,3.20044,0.225543,290110000
"283","2002-2003",2003,9,1104881.27450563,2.44888,0.222171,290110000
"284","2002-2003",2003,10,810104.799756224,2.1344,0.186898,290110000
"285","2002-2003",2003,11,695052.419960409,1.99866,0.171245,290110000
"286","2002-2003",2003,12,576456.087510188,1.93849,0.146434,290110000
"287","2002-2003",2003,13,285916.119115427,1.41293,0.0996454,290110000
"288","2002-2003",2003,14,214283.161351957,1.23472,0.0854592,290110000
"289","2002-2003",2003,15,125796.821271831,1.20005,0.051619,290110000
"290","2002-2003",2003,16,92569.7370951734,0.910135,0.0500844,290110000
"291","2002-2003",2003,17,78098.5592929918,0.932265,0.0412518,290110000
"292","2002-2003",2003,18,78219.4039385509,0.692175,0.0556465,290110000
"293","2002-2003",2003,19,33954.9257309156,0.669406,0.0249777,290110000
"294","2002-2003",2003,20,30159.2682222994,0.727705,0.0204082,290110000
"295",NA,2003,21,26742.8213768558,0.717701,0.0183486,290110000
"296",NA,2003,22,13643.216799962,0.789394,0.00851064,290110000
"297",NA,2003,23,26441.3299441746,0.722129,0.0180305,290110000
"298",NA,2003,24,12307.3618536439,0.591326,0.0102489,290110000
"299",NA,2003,25,7711.32586152797,0.52307,0.00725953,290110000
"300",NA,2003,26,4165.49444850159,0.450236,0.00455581,290110000
"301",NA,2003,27,1255.16433651963,0.397421,0.00155521,290110000
"302",NA,2003,28,4318.62291900693,0.448002,0.00474684,290110000
"303",NA,2003,29,5533.09857289634,0.474767,0.00573888,290110000
"304",NA,2003,30,5788.98616478034,0.453251,0.00628931,290110000
"305",NA,2003,31,9052.53580159261,0.352158,0.0126582,290110000
"306",NA,2003,32,3375.97842429061,0.525322,0.00316456,290110000
"307",NA,2003,33,3946.71876220189,0.492991,0.00394218,290110000
"308",NA,2003,34,0,0.542728,0,290110000
"309",NA,2003,35,0,0.490347,0,290110000
"310",NA,2003,36,5837.78153820312,0.735914,0.00390625,290110000
"311",NA,2003,37,1956.03262917286,0.581771,0.00165563,290110000
"312",NA,2003,38,4966.18079181884,0.654162,0.00373832,290110000
"313",NA,2003,39,0,0.749504,0,290110000
"314","2003-2004",2003,40,27619.100475795,0.884021,0.0153846,290110000
"315","2003-2004",2003,41,95544.1667812355,1.02773,0.0457788,290110000
"316","2003-2004",2003,42,302924.261097226,1.28296,0.116268,290110000
"317","2003-2004",2003,43,480479.302453205,1.32661,0.178349,290110000
"318","2003-2004",2003,44,699722.481449986,1.77304,0.194333,290110000
"319","2003-2004",2003,45,1201245.17596709,2.43814,0.242612,290110000
"320","2003-2004",2003,46,1555378.02575504,2.72605,0.280958,290110000
"321","2003-2004",2003,47,2510071.05162844,3.73192,0.331202,290110000
"322","2003-2004",2003,48,3209506.53255863,4.54894,0.34743,290110000
"323","2003-2004",2003,49,3734335.52136111,5.39906,0.340592,290110000
"324","2003-2004",2003,50,4939486.39410917,7.38735,0.329255,290110000
"325","2003-2004",2003,51,4678963.17983294,7.48097,0.307986,290110000
"326","2003-2004",2003,52,3831349.58864239,7.62797,0.247333,290110000
"327","2003-2004",2003,53,2098695.45977241,5.14051,0.20104,290110000
"328","2003-2004",2004,1,736501.01352763,2.89129,0.124279,292810000
"329","2003-2004",2004,2,402534.729907584,2.10429,0.0933284,292810000
"330","2003-2004",2004,3,232291.163674722,1.88696,0.0600601,292810000
"331","2003-2004",2004,4,145098.423124301,1.7766,0.0398464,292810000
"332","2003-2004",2004,5,87462.9284884509,1.46001,0.029227,292810000
"333","2003-2004",2004,6,52003.2988050794,1.37787,0.0184136,292810000
"334","2003-2004",2004,7,47776.2289867752,1.30532,0.0178571,292810000
"335","2003-2004",2004,8,33082.0401498171,1.08691,0.0148496,292810000
"336","2003-2004",2004,9,13804.1388578199,0.991888,0.00678989,292810000
"337","2003-2004",2004,10,12447.7942558911,1.02765,0.00590967,292810000
"338","2003-2004",2004,11,12589.7631901009,1.0579,0.00580616,292810000
"339","2003-2004",2004,12,23199.1893823775,0.849361,0.0133259,292810000
"340","2003-2004",2004,13,14071.9928997706,0.747127,0.00918919,292810000
"341","2003-2004",2004,14,6865.32841325959,0.661708,0.00506187,292810000
"342","2003-2004",2004,15,13357.8553208179,0.679514,0.00959079,292810000
"343","2003-2004",2004,16,21492.0572201726,0.633071,0.0165631,292810000
"344","2003-2004",2004,17,9331.18382018153,0.569894,0.00798838,292810000
"345","2003-2004",2004,18,8404.29405044289,0.591357,0.00693374,292810000
"346","2003-2004",2004,19,1945.75851622757,0.589044,0.0016116,292810000
"347","2003-2004",2004,20,5035.25154773161,0.67864,0.00361991,292810000
"348",NA,2004,21,7431.93915452699,0.637558,0.0056872,292810000
"349",NA,2004,22,12153.2065790619,0.813309,0.0072904,292810000
"350",NA,2004,23,6471.19739794193,0.834551,0.0037831,292810000
"351",NA,2004,24,2992.78269470495,0.616174,0.00236967,292810000
"352",NA,2004,25,4259.37707324082,0.513286,0.00404858,292810000
"353",NA,2004,26,2964.0004009287,0.351881,0.00410959,292810000
"354",NA,2004,27,1941.00094274416,0.542621,0.0017452,292810000
"355",NA,2004,28,3192.85311985798,0.581036,0.00268097,292810000
"356",NA,2004,29,3607.75630184609,0.495486,0.0035524,292810000
"357",NA,2004,30,0,0.61209,0,292810000
"358",NA,2004,31,3469.36306759864,0.531491,0.00318471,292810000
"359",NA,2004,32,1719.03164949434,0.519987,0.0016129,292810000
"360",NA,2004,33,1819.92270614515,0.574476,0.0015456,292810000
"361",NA,2004,34,6606.51593320861,0.663175,0.00486027,292810000
"362",NA,2004,35,6093.90019714042,0.614691,0.00483676,292810000
"363",NA,2004,36,4913.40229685307,0.656823,0.00364964,292810000
"364",NA,2004,37,11437.2748859778,0.723016,0.00771775,292810000
"365",NA,2004,38,6373.38381597599,0.691857,0.00449438,292810000
"366",NA,2004,39,24441.2019763682,0.782758,0.0152339,292810000
"367","2004-2005",2004,40,12989.2818919173,0.982275,0.00645161,292810000
"368","2004-2005",2004,41,13564.5041720843,1.01821,0.00649954,292810000
"369","2004-2005",2004,42,39000.9456361952,1.1768,0.0161692,292810000
"370","2004-2005",2004,43,32574.5620286196,1.30121,0.0122137,292810000
"371","2004-2005",2004,44,42521.3048077927,1.27746,0.0162396,292810000
"372","2004-2005",2004,45,58036.2724197147,1.40387,0.0201692,292810000
"373","2004-2005",2004,46,79929.1398657238,1.40301,0.0277946,292810000
"374","2004-2005",2004,47,69919.7164213835,1.73975,0.0196078,292810000
"375","2004-2005",2004,48,115150.411293138,1.56894,0.0358076,292810000
"376","2004-2005",2004,49,170666.771026244,1.65927,0.050182,292810000
"377","2004-2005",2004,50,243870.492669972,1.81341,0.0656114,292810000
"378","2004-2005",2004,51,573575.312910729,2.37626,0.117764,292810000
"379","2004-2005",2004,52,951492.16900379,2.77052,0.167556,292810000
"380","2004-2005",2005,1,922033.448949043,2.40064,0.185667,295520000
"381","2004-2005",2005,2,890760.7462446,2.54155,0.169425,295520000
"382","2004-2005",2005,3,1262225.4583287,2.85871,0.213443,295520000
"383","2004-2005",2005,4,1710827.49536163,3.55011,0.232959,295520000
"384","2004-2005",2005,5,2548688.08624611,4.58591,0.268662,295520000
"385","2004-2005",2005,6,2777908.92047253,5.05809,0.265489,295520000
"386","2004-2005",2005,7,2876334.87011161,5.44151,0.255526,295520000
"387","2004-2005",2005,8,2170748.54949702,4.4729,0.234604,295520000
"388","2004-2005",2005,9,1516785.0313961,3.6752,0.199507,295520000
"389","2004-2005",2005,10,1106837.20248662,3.3353,0.160422,295520000
"390","2004-2005",2005,11,968073.745542758,2.76224,0.169419,295520000
"391","2004-2005",2005,12,748544.741076787,2.46844,0.146592,295520000
"392","2004-2005",2005,13,457106.256287296,2.00081,0.11044,295520000
"393","2004-2005",2005,14,291029.318432369,1.54319,0.0911659,295520000
"394","2004-2005",2005,15,163770.888525619,1.50195,0.0527104,295520000
"395","2004-2005",2005,16,106633.489298376,1.22918,0.0419366,295520000
"396","2004-2005",2005,17,67676.8104263059,1.21854,0.0268482,295520000
"397","2004-2005",2005,18,54312.7471270362,1.15832,0.0226667,295520000
"398","2004-2005",2005,19,44755.652991056,1.249,0.0173221,295520000
"399","2004-2005",2005,20,49921.3776480025,1.16888,0.0206458,295520000
"400",NA,2005,21,38245.4861495168,1.07888,0.0171365,295520000
"401",NA,2005,22,34809.6957465219,1.23059,0.0136742,295520000
"402",NA,2005,23,18073.8681003428,1.14747,0.00761421,295520000
"403",NA,2005,24,20547.1704458624,1.00254,0.00990753,295520000
"404",NA,2005,25,17729.4794688804,0.957569,0.00895037,295520000
"405",NA,2005,26,10664.7541694842,0.894837,0.00576132,295520000
"406",NA,2005,27,7694.3056631975,0.798205,0.00465983,295520000
"407",NA,2005,28,3163.74877767675,0.757812,0.00201816,295520000
"408",NA,2005,29,5214.5035117646,0.825963,0.00305188,295520000
"409",NA,2005,30,2741.96847401326,0.744927,0.00177936,295520000
"410",NA,2005,31,0,0.787049,0,295520000
"411",NA,2005,32,5877.37874232168,0.684724,0.00414938,295520000
"412",NA,2005,33,9379.29112616374,0.747361,0.00606673,295520000
"413",NA,2005,34,5489.01704028807,0.673974,0.00393701,295520000
"414",NA,2005,35,10241.0875879384,0.869662,0.0056926,295520000
"415",NA,2005,36,1804.8510859296,0.899529,0.000969932,295520000
"416",NA,2005,37,8043.36641393998,0.854635,0.00454959,295520000
"417",NA,2005,38,3268.5481675,1.01123,0.0015625,295520000
"418",NA,2005,39,9964.20398335864,0.977808,0.00492611,295520000
"419","2005-2006",2005,40,14150.164657378,1.17778,0.00580781,295520000
"420","2005-2006",2005,41,13816.3973605006,1.21947,0.00547695,295520000
"421","2005-2006",2005,42,28772.8695699648,1.3069,0.0106428,295520000
"422","2005-2006",2005,43,13952.4078840752,1.33931,0.00503597,295520000
"423","2005-2006",2005,44,26073.4759866273,1.58374,0.00795848,295520000
"424","2005-2006",2005,45,39404.4296617574,1.47072,0.0129518,295520000
"425","2005-2006",2005,46,40572.520964864,1.6112,0.012173,295520000
"426","2005-2006",2005,47,60137.1897149038,1.82699,0.0159119,295520000
"427","2005-2006",2005,48,105002.391655822,1.77482,0.0285996,295520000
"428","2005-2006",2005,49,222835.552141527,1.94451,0.0553974,295520000
"429","2005-2006",2005,50,420936.637634957,2.35512,0.086401,295520000
"430","2005-2006",2005,51,820190.07502105,3.10878,0.127538,295520000
"431","2005-2006",2005,52,915592.406209577,3.28238,0.134843,295520000
"432","2005-2006",2006,1,643529.278366204,2.62914,0.117189,298380000
"433","2005-2006",2006,2,621559.12759227,2.2515,0.132173,298380000
"434","2005-2006",2006,3,695426.997469167,2.35858,0.141167,298380000
"435","2005-2006",2006,4,794731.294134137,2.41881,0.157308,298380000
"436","2005-2006",2006,5,880981.201583616,2.52752,0.16688,298380000
"437","2005-2006",2006,6,993301.078949852,2.64954,0.179491,298380000
"438","2005-2006",2006,7,1279006.54639762,3.12935,0.195682,298380000
"439","2005-2006",2006,8,1334236.35613785,3.12442,0.204454,298380000
"440","2005-2006",2006,9,1477100.02259743,3.13099,0.225871,298380000
"441","2005-2006",2006,10,1444321.94174824,3.08261,0.224325,298380000
"442","2005-2006",2006,11,1090402.0598982,2.64431,0.197427,298380000
"443","2005-2006",2006,12,934552.809570996,2.42295,0.184668,298380000
"444","2005-2006",2006,13,867821.786752624,2.31141,0.179757,298380000
"445","2005-2006",2006,14,528193.537434272,1.86383,0.135681,298380000
"446","2005-2006",2006,15,343881.583989506,1.44943,0.113591,298380000
"447","2005-2006",2006,16,268968.21464681,1.30227,0.0988854,298380000
"448","2005-2006",2006,17,177179.37729074,1.13459,0.0747664,298380000
"449","2005-2006",2006,18,172005.067655232,1.06255,0.077504,298380000
"450","2005-2006",2006,19,155876.747640541,1.03428,0.0721565,298380000
"451","2005-2006",2006,20,119641.069397624,1.01791,0.0562734,298380000
"452",NA,2006,21,121137.798118074,0.918151,0.0631681,298380000
"453",NA,2006,22,91204.2842614949,0.93099,0.0469032,298380000
"454",NA,2006,23,68201.2828473031,0.857294,0.0380886,298380000
"455",NA,2006,24,32405.2229790909,0.786294,0.0197316,298380000
"456",NA,2006,25,17858.2314798429,0.719426,0.0118846,298380000
"457",NA,2006,26,17716.4549926819,0.718868,0.0117994,298380000
"458",NA,2006,27,14273.9492970611,0.774807,0.00882029,298380000
"459",NA,2006,28,12252.842061258,0.76598,0.00765864,298380000
"460",NA,2006,29,16105.4058697179,0.642809,0.0119956,298380000
"461",NA,2006,30,25592.8553017865,0.622033,0.0196987,298380000
"462",NA,2006,31,27302.1207486141,0.616326,0.0212089,298380000
"463",NA,2006,32,19117.0468340999,0.685694,0.0133482,298380000
"464",NA,2006,33,18105.814901546,0.622697,0.0139211,298380000
"465",NA,2006,34,21345.4134454158,0.611817,0.0167038,298380000
"466",NA,2006,35,25008.9325084054,0.638831,0.0187431,298380000
"467",NA,2006,36,24860.4594771439,0.806627,0.014756,298380000
"468",NA,2006,37,46267.3837644789,0.762448,0.0290534,298380000
"469",NA,2006,38,59701.36951638,0.813406,0.0351406,298380000
"470",NA,2006,39,50399.0266797319,0.807934,0.0298661,298380000
"471","2006-2007",2006,40,58448.9907096178,1.15384,0.0242529,298380000
"472","2006-2007",2006,41,64219.8634602764,1.14819,0.0267786,298380000
"473","2006-2007",2006,42,70718.2647369811,1.22736,0.0275862,298380000
"474","2006-2007",2006,43,65986.13307888,1.21744,0.02595,298380000
"475","2006-2007",2006,44,105360.859597092,1.32813,0.0379814,298380000
"476","2006-2007",2006,45,112234.201422806,1.47754,0.0363679,298380000
"477","2006-2007",2006,46,94166.9206496802,1.5339,0.0293923,298380000
"478","2006-2007",2006,47,141733.95777842,1.91269,0.0354782,298380000
"479","2006-2007",2006,48,142208.790488688,1.838,0.0370436,298380000
"480","2006-2007",2006,49,185583.910164845,1.95376,0.045478,298380000
"481","2006-2007",2006,50,406298.769715727,2.40407,0.0809153,298380000
"482","2006-2007",2006,51,617935.025034676,2.87453,0.102922,298380000
"483","2006-2007",2006,52,656551.033543276,3.02597,0.103881,298380000
"484","2006-2007",2007,1,349701.954325376,2.37817,0.0697363,301230000
"485","2006-2007",2007,2,407567.903587538,2.09232,0.0923795,301230000
"486","2006-2007",2007,3,560161.380492454,2.29396,0.115806,301230000
"487","2006-2007",2007,4,1053120.17086018,2.74501,0.181944,301230000
"488","2006-2007",2007,5,1436792.75123677,3.04434,0.223823,301230000
"489","2006-2007",2007,6,2079509.45774743,3.49999,0.281772,301230000
"490","2006-2007",2007,7,1946597.30649452,3.57851,0.257975,301230000
"491","2006-2007",2007,8,1650707.87539262,3.28979,0.237961,301230000
"492","2006-2007",2007,9,1376311.87717824,2.89149,0.225735,301230000
"493","2006-2007",2007,10,1118888.54873334,2.62075,0.202472,301230000
"494","2006-2007",2007,11,1043444.83146099,2.53387,0.195294,301230000
"495","2006-2007",2007,12,737373.926557214,2.07251,0.168731,301230000
"496","2006-2007",2007,13,542968.227903603,1.87084,0.137639,301230000
"497","2006-2007",2007,14,325591.122082212,1.40042,0.11026,301230000
"498","2006-2007",2007,15,375934.725467683,1.46887,0.121376,301230000
"499","2006-2007",2007,16,235553.815247394,1.15514,0.0967073,301230000
"500","2006-2007",2007,17,221861.312039574,1.07901,0.0975124,301230000
"501","2006-2007",2007,18,140250.448145294,0.98492,0.0675316,301230000
"502","2006-2007",2007,19,108462.627990313,1.03325,0.0497827,301230000
"503","2006-2007",2007,20,76788.7226072683,0.926649,0.0392994,301230000
"504",NA,2007,21,83832.9123426039,0.9201,0.0432099,301230000
"505",NA,2007,22,35586.3415660305,0.954094,0.0176887,301230000
"506",NA,2007,23,19274.8405479941,0.763278,0.011976,301230000
"507",NA,2007,24,29302.2972034153,0.81722,0.0170046,301230000
"508",NA,2007,25,9921.32118826802,0.764586,0.00615385,301230000
"509",NA,2007,26,19629.0734985197,0.793127,0.0117371,301230000
"510",NA,2007,27,22654.1573656858,0.66909,0.0160571,301230000
"511",NA,2007,28,25208.8794382603,0.62115,0.0192469,301230000
"512",NA,2007,29,17648.2460900405,0.603659,0.0138648,301230000
"513",NA,2007,30,43466.649031652,0.649058,0.0317597,301230000
"514",NA,2007,31,23633.2299522637,0.568338,0.0197206,301230000
"515",NA,2007,32,40372.5566523325,0.651546,0.0293863,301230000
"516",NA,2007,33,23329.0481024976,0.652176,0.0169643,301230000
"517",NA,2007,34,33320.5589165616,0.803849,0.0196581,301230000
"518",NA,2007,35,41373.0626198081,0.787458,0.0249169,301230000
"519",NA,2007,36,43673.6876807145,0.943263,0.0219579,301230000
"520",NA,2007,37,48779.6322508236,0.946932,0.02443,301230000
"521",NA,2007,38,65456.0761352923,0.987146,0.0314465,301230000
"522",NA,2007,39,42174.5900756972,1.05206,0.0190114,301230000
"523","2007-2008",2007,40,38762.4496997879,0.995184,0.0184719,301230000
"524","2007-2008",2007,41,44669.8040891754,1.22003,0.0173639,301230000
"525","2007-2008",2007,42,44059.5994276192,1.28548,0.0162547,301230000
"526","2007-2008",2007,43,45684.291327255,1.3775,0.0157282,301230000
"527","2007-2008",2007,44,64040.6953651342,1.46725,0.0206993,301230000
"528","2007-2008",2007,45,73562.4910893896,1.55841,0.0223861,301230000
"529","2007-2008",2007,46,71922.2425336031,1.61958,0.0210603,301230000
"530","2007-2008",2007,47,132345.681969312,1.8112,0.0346535,301230000
"531","2007-2008",2007,48,113184.25054942,1.61865,0.0331617,301230000
"532","2007-2008",2007,49,125349.470557822,1.62124,0.0366673,301230000
"533","2007-2008",2007,50,147118.010812588,1.67351,0.0416909,301230000
"534","2007-2008",2007,51,219795.310156736,1.95096,0.0534286,301230000
"535","2007-2008",2007,52,376746.567333194,2.50019,0.0714628,301230000
"536","2007-2008",2008,1,444055.160936098,2.43939,0.0855176,304090000
"537","2007-2008",2008,2,663146.453143834,2.29319,0.135853,304090000
"538","2007-2008",2008,3,940360.384201571,2.62907,0.168032,304090000
"539","2007-2008",2008,4,1900045.81087714,3.92966,0.227148,304090000
"540","2007-2008",2008,5,3024652.44024633,4.99202,0.284642,304090000
"541","2007-2008",2008,6,3904659.53820387,5.7776,0.317494,304090000
"542","2007-2008",2008,7,4052243.83292591,5.98318,0.318173,304090000
"543","2007-2008",2008,8,3634535.9898294,5.61677,0.303992,304090000
"544","2007-2008",2008,9,2667688.23267014,4.53234,0.276511,304090000
"545","2007-2008",2008,10,1931876.73666286,3.83249,0.236809,304090000
"546","2007-2008",2008,11,1506531.68239683,3.21522,0.220124,304090000
"547","2007-2008",2008,12,1168815.5518237,2.69245,0.203938,304090000
"548","2007-2008",2008,13,769771.049238642,2.03366,0.177821,304090000
"549","2007-2008",2008,14,511527.237912268,1.65275,0.145399,304090000
"550","2007-2008",2008,15,328510.445306148,1.3113,0.117692,304090000
"551","2007-2008",2008,16,210971.845156657,1.1652,0.0850597,304090000
"552","2007-2008",2008,17,116659.650592296,1.02035,0.053712,304090000
"553","2007-2008",2008,18,86409.9267671988,0.877607,0.0462555,304090000
"554","2007-2008",2008,19,44963.5501518041,0.825107,0.0256006,304090000
"555","2007-2008",2008,20,26381.2165032957,0.787315,0.0157415,304090000
"556",NA,2008,21,23508.2861611844,0.805439,0.0137116,304090000
"557",NA,2008,22,18596.6993500369,0.886061,0.00985989,304090000
"558",NA,2008,23,14547.8998001408,0.743743,0.00918919,304090000
"559",NA,2008,24,12020.8166475092,0.706842,0.00798935,304090000
"560",NA,2008,25,6662.44981870417,0.655943,0.00477164,304090000
"561",NA,2008,26,6106.27704496967,0.633492,0.0045283,304090000
"562",NA,2008,27,4047.31207734362,0.571837,0.00332502,304090000
"563",NA,2008,28,5618.75507808281,0.558278,0.00472813,304090000
"564",NA,2008,29,4231.72960102128,0.597893,0.00332502,304090000
"565",NA,2008,30,10564.8472936939,0.577222,0.00859845,304090000
"566",NA,2008,31,7906.97590023014,0.596987,0.00622222,304090000
"567",NA,2008,32,7634.81400171566,0.564653,0.00635209,304090000
"568",NA,2008,33,1183.95135738548,0.585682,0.000949668,304090000
"569",NA,2008,34,5905.31088896563,0.503985,0.00550459,304090000
"570",NA,2008,35,3920.12054226362,0.468139,0.00393391,304090000
"571",NA,2008,36,5510.74833645328,0.576455,0.00449102,304090000
"572",NA,2008,37,10213.8361989244,0.681361,0.00704225,304090000
"573",NA,2008,38,17940.2529424119,0.794764,0.0106045,304090000
"574",NA,2008,39,11037.7150746622,0.868116,0.00597312,304090000
"575","2008-2009",2008,40,14011.4248506371,1.06828,0.00616165,304090000
"576","2008-2009",2008,41,17163.741870791,1.00756,0.00800278,304090000
"577","2008-2009",2008,42,26263.8259424659,0.979399,0.0125979,304090000
"578","2008-2009",2008,43,39680.9621614172,1.04943,0.0177635,304090000
"579","2008-2009",2008,44,29232.7247630793,1.13218,0.0121298,304090000
"580","2008-2009",2008,45,41169.0314433776,1.13156,0.017092,304090000
"581","2008-2009",2008,46,34493.0487562525,1.15469,0.0140335,304090000
"582","2008-2009",2008,47,45445.7595187187,1.20448,0.0177253,304090000
"583","2008-2009",2008,48,65288.7110586688,1.36081,0.0225393,304090000
"584","2008-2009",2008,49,62934.5662078116,1.30322,0.0226867,304090000
"585","2008-2009",2008,50,87464.6576691611,1.30204,0.0315579,304090000
"586","2008-2009",2008,51,133828.353593338,1.45109,0.0433265,304090000
"587","2008-2009",2008,52,180988.773614306,1.79927,0.0472558,304090000
"588","2008-2009",2008,53,250026.34233255,2.12134,0.0553701,304090000
"589","2008-2009",2009,1,266583.707817861,1.47138,0.0843719,306770000
"590","2008-2009",2009,2,376926.83989451,1.61555,0.108649,306770000
"591","2008-2009",2009,3,673306.786711215,1.95333,0.160519,306770000
"592","2008-2009",2009,4,1082942.75631563,2.42907,0.207613,306770000
"593","2008-2009",2009,5,1524861.93929102,2.96686,0.239344,306770000
"594","2008-2009",2009,6,1939157.55832956,3.57354,0.252699,306770000
"595","2008-2009",2009,7,1793613.78001155,3.36653,0.248105,306770000
"596","2008-2009",2009,8,1736876.55581959,3.2962,0.245383,306770000
"597","2008-2009",2009,9,1658623.94531979,3.17227,0.243482,306770000
"598","2008-2009",2009,10,1239893.24715687,2.5804,0.223762,306770000
"599","2008-2009",2009,11,1071955.90331048,2.42922,0.205494,306770000
"600","2008-2009",2009,12,715323.876383004,1.99028,0.16737,306770000
"601","2008-2009",2009,13,512005.842014095,1.72423,0.138283,306770000
"602","2008-2009",2009,14,366985.389016838,1.60355,0.106575,306770000
"603","2008-2009",2009,15,198238.128106607,1.28418,0.071887,306770000
"604","2009 Pandemic First Wave",2009,16,213261.190424559,1.2932,0.0767954,306770000
"605","2009 Pandemic First Wave",2009,17,733342.050630171,2.74012,0.124631,306770000
"606","2009 Pandemic First Wave",2009,18,717462.580727302,2.22391,0.150235,306770000
"607","2009 Pandemic First Wave",2009,19,686079.904041969,1.76657,0.180856,306770000
"608","2009 Pandemic First Wave",2009,20,1105441.6516671,1.92171,0.267878,306770000
"609","2009 Pandemic First Wave",2009,21,1338294.49020611,1.8611,0.334866,306770000
"610","2009 Pandemic First Wave",2009,22,1427944.96482275,1.68423,0.39482,306770000
"611","2009 Pandemic First Wave",2009,23,1554286.76112434,1.7393,0.416146,306770000
"612","2009 Pandemic First Wave",2009,24,1691574.52908595,1.83001,0.430454,306770000
"613","2009 Pandemic First Wave",2009,25,1228557.44780772,1.58128,0.361806,306770000
"614","2009 Pandemic First Wave",2009,26,1017965.35904769,1.49172,0.317786,306770000
"615","2009 Pandemic First Wave",2009,27,955539.72264618,1.389,0.320358,306770000
"616","2009 Pandemic First Wave",2009,28,796578.178801509,1.34702,0.275387,306770000
"617","2009 Pandemic First Wave",2009,29,675648.563199747,1.16056,0.271108,306770000
"618","2009 Pandemic First Wave",2009,30,715184.15516422,1.2085,0.275588,306770000
"619","2009 Pandemic First Wave",2009,31,587307.783290228,1.15544,0.236705,306770000
"620","2009 Pandemic First Wave",2009,32,554542.81038126,1.14518,0.225502,306770000
"621","2009 Pandemic First Wave",2009,33,767165.025928392,1.4664,0.243627,306770000
"622","2009 Pandemic Second Wave",2009,34,1125808.17199892,2.38017,0.220265,306770000
"623","2009 Pandemic Second Wave",2009,35,1649552.88226605,3.44681,0.222863,306770000
"624","2009 Pandemic Second Wave",2009,36,2089443.54324182,4.05315,0.240064,306770000
"625","2009 Pandemic Second Wave",2009,37,2344401.15754067,4.26621,0.255905,306770000
"626","2009 Pandemic Second Wave",2009,38,2443543.83332809,4.21579,0.269917,306770000
"627","2009 Pandemic Second Wave",2009,39,3355457.4568242,4.8861,0.3198,306770000
"628","2009 Pandemic Second Wave",2009,40,4370787.25663242,6.06923,0.335363,306770000
"629","2009 Pandemic Second Wave",2009,41,5724758.10210032,7.09467,0.375763,306770000
"630","2009 Pandemic Second Wave",2009,42,6524197.43101961,7.7151,0.393799,306770000
"631","2009 Pandemic Second Wave",2009,43,5768725.31492495,7.55134,0.35575,306770000
"632","2009 Pandemic Second Wave",2009,44,4430242.57622251,6.67118,0.309253,306770000
"633","2009 Pandemic Second Wave",2009,45,3086971.49253375,5.20633,0.276115,306770000
"634","2009 Pandemic Second Wave",2009,46,1703977.73261315,4.04477,0.196182,306770000
"635","2009 Pandemic Second Wave",2009,47,1093651.02631164,3.49722,0.145628,306770000
"636","2009 Pandemic Second Wave",2009,48,620186.936382793,2.69023,0.107355,306770000
"637","2009 Pandemic Second Wave",2009,49,405327.262629269,2.47119,0.0763816,306770000
"638","2009 Pandemic Second Wave",2009,50,338594.83246114,2.44773,0.0644178,306770000
"639","2009 Pandemic Second Wave",2009,51,281391.527976567,2.64594,0.0495245,306770000
"640","2009 Pandemic Second Wave",2009,52,273337.926920943,2.61567,0.0486638,306770000
"641","2009 Pandemic Second Wave",2010,1,165512.252570979,1.90712,0.0400804,309330000
"642","2009 Pandemic Second Wave",2010,2,192633.506608062,1.86738,0.0476408,309330000
"643","2009 Pandemic Second Wave",2010,3,229393.793198309,1.88072,0.0563297,309330000
"644","2009 Pandemic Second Wave",2010,4,217814.627589396,1.96908,0.0510862,309330000
"645","2009 Pandemic Second Wave",2010,5,235994.564388297,2.11387,0.0515589,309330000
"646","2009 Pandemic Second Wave",2010,6,206872.761069185,2.09695,0.0455612,309330000
"647","2009 Pandemic Second Wave",2010,7,196797.875890478,1.90294,0.0477612,309330000
"648","2009 Pandemic Second Wave",2010,8,231346.857342468,1.96951,0.0542482,309330000
"649","2009 Pandemic Second Wave",2010,9,255504.647354725,1.92331,0.0613521,309330000
"650","2009 Pandemic Second Wave",2010,10,271517.695133789,1.89659,0.0661157,309330000
"651","2009 Pandemic Second Wave",2010,11,216420.556213297,1.75181,0.0570547,309330000
"652","2009 Pandemic Second Wave",2010,12,146133.585169967,1.52632,0.0442165,309330000
"653","2009 Pandemic Second Wave",2010,13,140759.297970976,1.49572,0.0434617,309330000
"654","2009 Pandemic Second Wave",2010,14,73006.5330925037,1.22313,0.0275657,309330000
"655","2009 Pandemic Second Wave",2010,15,52302.2889776587,1.17754,0.0205128,309330000
"656","2009 Pandemic Second Wave",2010,16,29690.485641553,1.09112,0.0125668,309330000
"657","2009 Pandemic Second Wave",2010,17,17221.3729962383,1.11958,0.00710383,309330000
"658","2009 Pandemic Second Wave",2010,18,18785.6386375902,1.08169,0.00802053,309330000
"659","2009 Pandemic Second Wave",2010,19,15166.5040308322,1.12497,0.00622622,309330000
"660","2009 Pandemic Second Wave",2010,20,11881.6478096351,1.06197,0.00516707,309330000
"661",NA,2010,21,4384.9403063373,1.08909,0.00185943,309330000
"662",NA,2010,22,7162.55667961344,1.1776,0.00280899,309330000
"663",NA,2010,23,5855.83745980672,0.97493,0.00277393,309330000
"664",NA,2010,24,9462.3914455312,0.987132,0.00442696,309330000
"665",NA,2010,25,8682.95607689373,0.995991,0.00402617,309330000
"666",NA,2010,26,4305.51713417087,0.904726,0.0021978,309330000
"667",NA,2010,27,6233.37653815176,0.941927,0.00305623,309330000
"668",NA,2010,28,12944.4905953519,0.880415,0.00679012,309330000
"669",NA,2010,29,9088.53134448206,0.842615,0.00498132,309330000
"670",NA,2010,30,25355.5106652799,0.858382,0.0136418,309330000
"671",NA,2010,31,19005.239253151,0.83383,0.0105263,309330000
"672",NA,2010,32,31750.5623089435,0.847437,0.0173031,309330000
"673",NA,2010,33,20415.7850450176,0.888273,0.0106145,309330000
"674",NA,2010,34,33701.3662014049,0.765372,0.0203355,309330000
"675",NA,2010,35,25177.2922022404,0.91858,0.0126582,309330000
"676",NA,2010,36,33847.4449733112,1.01432,0.015411,309330000
"677",NA,2010,37,40622.7357039181,1.01233,0.0185322,309330000
"678",NA,2010,38,39257.4992175967,1.11803,0.0162162,309330000
"679",NA,2010,39,32408.9686821083,1.11806,0.0133869,309330000
"680","2010-2011",2010,40,51379.843660064,1.10939,0.0213889,309330000
"681","2010-2011",2010,41,86026.8149948699,1.24341,0.0319521,309330000
"682","2010-2011",2010,42,92025.2168420571,1.25726,0.0338035,309330000
"683","2010-2011",2010,43,106589.534049698,1.25734,0.0391509,309330000
"684","2010-2011",2010,44,166454.62468868,1.43414,0.0536024,309330000
"685","2010-2011",2010,45,214007.423865937,1.51838,0.0650921,309330000
"686","2010-2011",2010,46,305532.687589868,1.61617,0.0873073,309330000
"687","2010-2011",2010,47,423552.963140534,1.84378,0.106091,309330000
"688","2010-2011",2010,48,373279.064546169,1.72535,0.0999163,309330000
"689","2010-2011",2010,49,539263.602250544,1.87923,0.132526,309330000
"690","2010-2011",2010,50,953953.405556508,2.3371,0.188508,309330000
"691","2010-2011",2010,51,1645519.68253264,3.03533,0.250367,309330000
"692","2010-2011",2010,52,1783705.4661888,3.136,0.26268,309330000
"693","2010-2011",2011,1,1390745.73767472,2.53336,0.2517,311580000
"694","2010-2011",2011,2,1860435.73423774,2.91288,0.292836,311580000
"695","2010-2011",2011,3,2518820.56137495,3.44497,0.335231,311580000
"696","2010-2011",2011,4,3117107.62775828,4.16185,0.343398,311580000
"697","2010-2011",2011,5,3514439.66466754,4.55159,0.354018,311580000
"698","2010-2011",2011,6,3375604.80583926,4.46504,0.346624,311580000
"699","2010-2011",2011,7,3459543.73668112,4.55124,0.348515,311580000
"700","2010-2011",2011,8,2758177.91344662,4.0822,0.309785,311580000
"701","2010-2011",2011,9,2032594.17917442,3.38812,0.275058,311580000
"702","2010-2011",2011,10,1552398.93791476,2.99142,0.237935,311580000
"703","2010-2011",2011,11,1157078.05080437,2.61542,0.20284,311580000
"704","2010-2011",2011,12,735040.534113711,2.09065,0.161199,311580000
"705","2010-2011",2011,13,519848.939398547,1.86146,0.128043,311580000
"706","2010-2011",2011,14,345401.585210695,1.61377,0.098133,311580000
"707","2010-2011",2011,15,220940.154909535,1.42199,0.0712378,311580000
"708","2010-2011",2011,16,128895.386155704,1.3382,0.044162,311580000
"709","2010-2011",2011,17,87545.9325912129,1.19995,0.0334507,311580000
"710","2010-2011",2011,18,47881.5403705342,1.14889,0.0191083,311580000
"711","2010-2011",2011,19,26931.3957274471,1.12194,0.0110058,311580000
"712","2010-2011",2011,20,19653.709233181,1.06712,0.0084443,311580000
"713",NA,2011,21,15247.6083790042,1.05058,0.00665434,311580000
"714",NA,2011,22,13376.0990449728,1.15203,0.00532351,311580000
"715",NA,2011,23,5624.84128236534,0.970975,0.00265604,311580000
"716",NA,2011,24,8327.28069972337,0.894683,0.00426743,311580000
"717",NA,2011,25,4676.84530458203,0.843568,0.00254194,311580000
"718",NA,2011,26,4560.13891047191,0.815409,0.0025641,311580000
"719",NA,2011,27,5991.73497643563,0.823052,0.00333778,311580000
"720",NA,2011,28,8828.5164786,0.674635,0.006,311580000
"721",NA,2011,29,9187.83616711579,0.631883,0.00666667,311580000
"722",NA,2011,30,4282.10137043806,0.641513,0.00306044,311580000
"723",NA,2011,31,8901.32445784668,0.529813,0.00770308,311580000
"724",NA,2011,32,12744.147579762,0.644089,0.00907188,311580000
"725",NA,2011,33,15472.3732825581,0.667718,0.0106242,311580000
"726",NA,2011,34,15345.9005532038,0.705668,0.00997067,311580000
"727",NA,2011,35,13666.8374122695,0.804155,0.00779221,311580000
"728",NA,2011,36,12519.3026769338,0.907804,0.00632296,311580000
"729",NA,2011,37,19800.7040347307,1.00555,0.00902837,311580000
"730",NA,2011,38,18166.7770356293,1.03601,0.00803982,311580000
"731",NA,2011,39,28125.2509956167,1.07583,0.0119863,311580000
"732","2011-2012",2011,40,26176.9495900702,1.16092,0.0103383,311580000
"733","2011-2012",2011,41,14969.5503489586,1.19785,0.00572979,311580000
"734","2011-2012",2011,42,22809.9197432368,1.27926,0.00817518,311580000
"735","2011-2012",2011,43,33071.0939308386,1.29194,0.0117365,311580000
"736","2011-2012",2011,44,29813.0014686319,1.42824,0.00957055,311580000
"737","2011-2012",2011,45,34537.8397620274,1.39803,0.0113269,311580000
"738","2011-2012",2011,46,30556.5842672041,1.45831,0.00960699,311580000
"739","2011-2012",2011,47,62337.1482918425,1.56548,0.0182571,311580000
"740","2011-2012",2011,48,45174.711058882,1.34313,0.0154209,311580000
"741","2011-2012",2011,49,74086.5177550146,1.48139,0.0229299,311580000
"742","2011-2012",2011,50,96613.7770911424,1.63398,0.0271097,311580000
"743","2011-2012",2011,51,152753.893097022,1.83126,0.038245,311580000
"744","2011-2012",2011,52,152722.398206755,2.10451,0.0332724,311580000
"745","2011-2012",2012,1,122687.156987771,1.73625,0.0321617,313870000
"746","2011-2012",2012,2,149902.956635894,1.55066,0.0439993,313870000
"747","2011-2012",2012,3,213504.162691938,1.62891,0.059657,313870000
"748","2011-2012",2012,4,313258.476379799,1.76038,0.0809932,313870000
"749","2011-2012",2012,5,460631.563604301,1.92728,0.108783,313870000
"750","2011-2012",2012,6,532136.14494579,1.91994,0.12615,313870000
"751","2011-2012",2012,7,684527.525566282,2.09951,0.148397,313870000
"752","2011-2012",2012,8,934811.324854658,2.23973,0.189968,313870000
"753","2011-2012",2012,9,1161343.3992965,2.21921,0.238185,313870000
"754","2011-2012",2012,10,1341775.78606367,2.16693,0.28183,313870000
"755","2011-2012",2012,11,1612465.61292103,2.38913,0.307187,313870000
"756","2011-2012",2012,12,1188212.54524164,1.96466,0.27527,313870000
"757","2011-2012",2012,13,872557.717115077,1.84229,0.21557,313870000
"758","2011-2012",2012,14,818126.219776989,1.68674,0.220762,313870000
"759","2011-2012",2012,15,687956.716855755,1.53136,0.204473,313870000
"760","2011-2012",2012,16,625290.36515097,1.37912,0.206363,313870000
"761","2011-2012",2012,17,491402.794251428,1.29515,0.172691,313870000
"762","2011-2012",2012,18,490111.789001026,1.39521,0.159885,313870000
"763","2011-2012",2012,19,441656.057247733,1.32522,0.151687,313870000
"764","2011-2012",2012,20,360400.066413264,1.23059,0.133298,313870000
"765",NA,2012,21,301545.277281142,1.23028,0.111558,313870000
"766",NA,2012,22,303996.347743303,1.26877,0.109053,313870000
"767",NA,2012,23,233438.907416444,1.10782,0.0959083,313870000
"768",NA,2012,24,240046.380285081,1.09559,0.0997239,313870000
"769",NA,2012,25,164945.186838707,1.11031,0.0676157,313870000
"770",NA,2012,26,163818.545146391,1.10616,0.0674058,313870000
"771",NA,2012,27,114938.847698441,1.10816,0.0472081,313870000
"772",NA,2012,28,100590.53635833,0.999444,0.045809,313870000
"773",NA,2012,29,74453.5083183127,0.924199,0.0366667,313870000
"774",NA,2012,30,106927.826193874,0.949257,0.0512695,313870000
"775",NA,2012,31,204026.533529705,0.978903,0.0948635,313870000
"776",NA,2012,32,153268.674193884,0.925024,0.0754141,313870000
"777",NA,2012,33,125219.672562495,0.848456,0.0671731,313870000
"778",NA,2012,34,95867.5679894846,1.04451,0.0417745,313870000
"779",NA,2012,35,73835.5474613526,1.0986,0.0305899,313870000
"780",NA,2012,36,81914.4776947206,1.22071,0.0305422,313870000
"781",NA,2012,37,61111.5827591102,1.24976,0.0222561,313870000
"782",NA,2012,38,83291.8858690472,1.22892,0.0308483,313870000
"783",NA,2012,39,102059.984402963,1.29393,0.0359002,313870000
"784","2012-2013",2012,40,102424.376138489,1.23034,0.0378905,313870000
"785","2012-2013",2012,41,114578.263054101,1.3278,0.0392755,313870000
"786","2012-2013",2012,42,171064.409455247,1.33995,0.0581063,313870000
"787","2012-2013",2012,43,198628.343207791,1.37842,0.0655861,313870000
"788","2012-2013",2012,44,259237.777624335,1.50085,0.0786164,313870000
"789","2012-2013",2012,45,354095.96578081,1.65163,0.0975799,313870000
"790","2012-2013",2012,46,518847.413126645,1.76746,0.133611,313870000
"791","2012-2013",2012,47,933177.39619318,2.30609,0.184179,313870000
"792","2012-2013",2012,48,1063821.85120026,2.16324,0.223829,313870000
"793","2012-2013",2012,49,1816079.82549017,2.83038,0.29204,313870000
"794","2012-2013",2012,50,2462819.64619746,3.43761,0.326083,313870000
"795","2012-2013",2012,51,3542897.66082542,4.30554,0.374527,313870000
"796","2012-2013",2012,52,5043391.72714064,6.06082,0.378742,313870000
"797","2012-2013",2013,1,3630739.62929412,4.64931,0.352971,316060000
"798","2012-2013",2013,2,3273739.57323837,4.32584,0.342063,316060000
"799","2012-2013",2013,3,3048368.42370235,4.51113,0.305432,316060000
"800","2012-2013",2013,4,2759318.43998735,4.2171,0.295747,316060000
"801","2012-2013",2013,5,2223638.94456008,3.78956,0.265221,316060000
"802","2012-2013",2013,6,1655623.19412735,3.29206,0.227314,316060000
"803","2012-2013",2013,7,1395020.49553327,3.0197,0.208809,316060000
"804","2012-2013",2013,8,1203562.11348505,2.71499,0.20037,316060000
"805","2012-2013",2013,9,1029333.80109238,2.4845,0.187262,316060000
"806","2012-2013",2013,10,1021800.78648292,2.57808,0.179144,316060000
"807","2012-2013",2013,11,895351.571140264,2.39237,0.16916,316060000
"808","2012-2013",2013,12,727987.578305988,2.06778,0.15913,316060000
"809","2012-2013",2013,13,608410.869006704,1.90281,0.144522,316060000
"810","2012-2013",2013,14,511436.697168228,1.65902,0.139339,316060000
"811","2012-2013",2013,15,342526.257444697,1.43006,0.108261,316060000
"812","2012-2013",2013,16,247415.595317192,1.27757,0.0875336,316060000
"813","2012-2013",2013,17,202059.804811916,1.19009,0.0767419,316060000
"814","2012-2013",2013,18,159650.993875458,1.09556,0.065867,316060000
"815","2012-2013",2013,19,129978.027047989,1.08589,0.0541024,316060000
"816","2012-2013",2013,20,105949.007313967,1.07343,0.0446124,316060000
"817",NA,2013,21,98282.7533228877,1.01677,0.0436905,316060000
"818",NA,2013,22,97649.3986945491,1.04847,0.0420965,316060000
"819",NA,2013,23,78578.1231685629,0.920349,0.0385906,316060000
"820",NA,2013,24,80133.7349200555,0.920779,0.0393362,316060000
"821",NA,2013,25,79980.9576768867,0.904333,0.0399752,316060000
"822",NA,2013,26,59434.5374674816,0.83057,0.0323441,316060000
"823",NA,2013,27,62176.2838698062,0.862837,0.0325708,316060000
"824",NA,2013,28,61058.992306705,0.732182,0.0376932,316060000
"825",NA,2013,29,47373.764507986,0.724558,0.0295527,316060000
"826",NA,2013,30,48124.6441951498,0.740848,0.029361,316060000
"827",NA,2013,31,56085.0462967848,0.726037,0.0349157,316060000
"828",NA,2013,32,52285.4255868681,0.755639,0.0312751,316060000
"829",NA,2013,33,46820.1913377898,0.761847,0.0277778,316060000
"830",NA,2013,34,40440.41035125,0.779896,0.0234375,316060000
"831",NA,2013,35,81397.3842932341,0.899138,0.0409182,316060000
"832",NA,2013,36,80783.6649251393,0.999524,0.0365311,316060000
"833",NA,2013,37,79116.2533166236,1.0558,0.0338701,316060000
"834",NA,2013,38,77383.931819502,1.0967,0.031893,316060000
"835",NA,2013,39,112860.723826995,1.24709,0.0409051,316060000
"836","2013-2014",2013,40,101159.30682189,1.15746,0.0395032,316060000
"837","2013-2014",2013,41,110945.3767371,1.27184,0.0394284,316060000
"838","2013-2014",2013,42,92868.5918167083,1.31623,0.0318911,316060000
"839","2013-2014",2013,43,107457.456579997,1.37444,0.0353381,316060000
"840","2013-2014",2013,44,150647.776708498,1.46781,0.0463901,316060000
"841","2013-2014",2013,45,201765.085221991,1.5834,0.0575954,316060000
"842","2013-2014",2013,46,254970.660791568,1.60253,0.0719145,316060000
"843","2013-2014",2013,47,348756.255941019,1.72344,0.0914657,316060000
"844","2013-2014",2013,48,564183.13535467,2.11076,0.120813,316060000
"845","2013-2014",2013,49,811866.422801448,2.1708,0.169043,316060000
"846","2013-2014",2013,50,1089971.58785198,2.36971,0.207899,316060000
"847","2013-2014",2013,51,1972897.24713062,3.15997,0.282198,316060000
"848","2013-2014",2013,52,3155586.18195612,4.59053,0.310706,316060000
"849","2013-2014",2014,1,2784251.2727457,4.28195,0.291749,318390000
"850","2013-2014",2014,2,2199970.25412192,3.56288,0.27705,318390000
"851","2013-2014",2014,3,2007197.88932836,3.36378,0.267735,318390000
"852","2013-2014",2014,4,1839658.62485462,3.39659,0.243017,318390000
"853","2013-2014",2014,5,1421955.36424371,3.11922,0.204542,318390000
"854","2013-2014",2014,6,1204678.17795619,2.83572,0.190612,318390000
"855","2013-2014",2014,7,908570.424571992,2.48484,0.16406,318390000
"856","2013-2014",2014,8,691450.316277525,2.2741,0.136425,318390000
"857","2013-2014",2014,9,548754.126557767,2.07244,0.118806,318390000
"858","2013-2014",2014,10,478666.925175783,1.98207,0.108357,318390000
"859","2013-2014",2014,11,449358.821097541,1.82441,0.110513,318390000
"860","2013-2014",2014,12,508617.206044122,1.82036,0.125365,318390000
"861","2013-2014",2014,13,520705.0752716,1.75391,0.133207,318390000
"862","2013-2014",2014,14,564577.517205908,1.74542,0.145133,318390000
"863","2013-2014",2014,15,557606.121575588,1.67236,0.149603,318390000
"864","2013-2014",2014,16,463691.472217949,1.51659,0.137184,318390000
"865","2013-2014",2014,17,420898.599659975,1.44778,0.130442,318390000
"866","2013-2014",2014,18,363811.630581277,1.29028,0.126513,318390000
"867","2013-2014",2014,19,336278.857623685,1.37388,0.109823,318390000
"868","2013-2014",2014,20,310087.86633337,1.34208,0.103669,318390000
"869",NA,2014,21,252557.756865144,1.34563,0.0842127,318390000
"870",NA,2014,22,240377.217768603,1.21291,0.0889216,318390000
"871",NA,2014,23,191844.088714818,1.19291,0.0721578,318390000
"872",NA,2014,24,180661.324440914,1.14146,0.0710145,318390000
"873",NA,2014,25,139591.40031994,1.06503,0.0588084,318390000
"874",NA,2014,26,127236.316795918,1.12669,0.0506698,318390000
"875",NA,2014,27,106107.052370655,0.947353,0.0502545,318390000
"876",NA,2014,28,105320.217616022,0.944187,0.0500491,318390000
"877",NA,2014,29,79077.5291144901,0.934822,0.0379548,318390000
"878",NA,2014,30,68159.9647182401,0.81736,0.0374161,318390000
"879",NA,2014,31,69196.5237929117,0.852792,0.0364069,318390000
"880",NA,2014,32,49278.9994991707,0.746994,0.0295997,318390000
"881",NA,2014,33,58099.0136603014,0.761098,0.0342508,318390000
"882",NA,2014,34,56361.6930163022,0.767627,0.032944,318390000
"883",NA,2014,35,65777.0275023785,0.862176,0.0342311,318390000
"884",NA,2014,36,60758.3843446623,0.984907,0.0276792,318390000
"885",NA,2014,37,63770.9057256886,1.16287,0.0246056,318390000
"886",NA,2014,38,82334.6333534149,1.22731,0.0301003,318390000
"887",NA,2014,39,92941.793512701,1.2071,0.034547,318390000
"888","2014-2015",2014,40,83639.6683043786,1.16191,0.0322985,318390000
"889","2014-2015",2014,41,116055.696807663,1.30905,0.0397789,318390000
"890","2014-2015",2014,42,152110.057136288,1.37072,0.0497911,318390000
"891","2014-2015",2014,43,152683.1015389,1.43373,0.0477822,318390000
"892","2014-2015",2014,44,200643.675806394,1.42791,0.0630474,318390000
"893","2014-2015",2014,45,322310.629187794,1.61605,0.0894875,318390000
"894","2014-2015",2014,46,380469.385129394,1.65976,0.102853,318390000
"895","2014-2015",2014,47,680664.239372702,2.05459,0.148645,318390000
"896","2014-2015",2014,48,1106698.27689341,2.53541,0.19585,318390000
"897","2014-2015",2014,49,1309304.90719557,2.54253,0.231056,318390000
"898","2014-2015",2014,50,2252427.75086672,3.60563,0.280293,318390000
"899","2014-2015",2014,51,3381766.82749463,4.90976,0.309048,318390000
"900","2014-2015",2014,52,4326751.16222461,5.98221,0.324521,318390000
"901","2014-2015",2014,53,3339799.14030245,5.47421,0.273742,318390000
"902","2014-2015",2015,1,2271547.96967396,4.21374,0.240106,320740000
"903","2014-2015",2015,2,2296392.09710973,4.21022,0.242935,320740000
"904","2014-2015",2015,3,2232771.81551339,4.25968,0.233462,320740000
"905","2014-2015",2015,4,1920145.07521162,3.97761,0.215011,320740000
"906","2014-2015",2015,5,1550831.05128156,3.63443,0.190054,320740000
"907","2014-2015",2015,6,1139835.03523543,3.26527,0.155479,320740000
"908","2014-2015",2015,7,912830.758287466,2.93083,0.138723,320740000
"909","2014-2015",2015,8,727567.127233901,2.54474,0.127344,320740000
"910","2014-2015",2015,9,730942.765220241,2.47227,0.131685,320740000
"911","2014-2015",2015,10,673753.239630639,2.35665,0.127337,320740000
"912","2014-2015",2015,11,584330.242533206,2.17008,0.119931,320740000
"913","2014-2015",2015,12,515950.178236731,2.04297,0.112485,320740000
"914","2014-2015",2015,13,483811.75916332,1.954,0.110281,320740000
"915","2014-2015",2015,14,386736.803148688,1.72287,0.0999797,320740000
"916","2014-2015",2015,15,290458.426459181,1.53694,0.0841736,320740000
"917","2014-2015",2015,16,202133.813889819,1.38283,0.0651057,320740000
"918","2014-2015",2015,17,185996.864834248,1.46265,0.0566388,320740000
"919","2014-2015",2015,18,168017.405625766,1.38934,0.0538635,320740000
"920","2014-2015",2015,19,126375.839749286,1.3468,0.0417936,320740000
"921","2014-2015",2015,20,103128.968992036,1.25452,0.0366144,320740000
"922",NA,2015,21,79658.4510772423,1.21636,0.0291688,320740000
"923",NA,2015,22,72708.6865809304,1.16734,0.027742,320740000
"924",NA,2015,23,62192.0233524005,1.04654,0.0264684,320740000
"925",NA,2015,24,52509.5833178403,0.943661,0.024784,320740000
"926",NA,2015,25,45703.6147477869,0.935046,0.0217704,320740000
"927",NA,2015,26,51585.9581088109,0.934726,0.0245808,320740000
"928",NA,2015,27,36515.2126229234,0.864118,0.0188213,320740000
"929",NA,2015,28,30905.019879312,0.806535,0.0170669,320740000
"930",NA,2015,29,25303.5061250623,0.742747,0.0151736,320740000
"931",NA,2015,30,25273.4903693227,0.737859,0.015256,320740000
"932",NA,2015,31,32397.9277537769,0.743224,0.0194154,320740000
"933",NA,2015,32,29825.2971693054,0.805251,0.0164969,320740000
"934",NA,2015,33,34767.8764182891,0.816943,0.0189555,320740000
"935",NA,2015,34,33985.1124259398,0.814518,0.0185839,320740000
"936",NA,2015,35,43924.4540338086,0.86067,0.022731,320740000
"937",NA,2015,36,43418.7716673285,0.886704,0.0218096,320740000
"938",NA,2015,37,58266.3609204453,1.00845,0.0257343,320740000
"939",NA,2015,38,45147.954726595,1.06625,0.0188594,320740000
"940",NA,2015,39,48675.0383661976,1.05995,0.0204536,320740000
"941","2015-2016",2015,40,29051.5831751284,1.22559,0.0105578,320740000
"942","2015-2016",2015,41,38155.2168788846,1.31066,0.0129662,320740000
"943","2015-2016",2015,42,34125.229596479,1.3711,0.0110855,320740000
"944","2015-2016",2015,43,34623.1924400445,1.39171,0.0110807,320740000
"945","2015-2016",2015,44,36248.837315927,1.43712,0.0112344,320740000
"946","2015-2016",2015,45,46601.8697784528,1.50165,0.0138224,320740000
"947","2015-2016",2015,46,42819.5518986256,1.59805,0.0119344,320740000
"948","2015-2016",2015,47,58981.2288660414,1.89668,0.0138506,320740000
"949","2015-2016",2015,48,52532.0942109779,1.67728,0.0139498,320740000
"950","2015-2016",2015,49,59062.8389497843,1.78296,0.0147544,320740000
"951","2015-2016",2015,50,105647.492310807,1.87336,0.0251181,320740000
"952","2015-2016",2015,51,119201.652466568,2.32148,0.02287,320740000
"953","2015-2016",2015,52,133080.045788198,2.40991,0.0245958,320740000
"954","2015-2016",2016,1,128825.160318495,1.94328,0.0293137,323070000
"955","2015-2016",2016,2,192204.084092919,1.99796,0.0425384,323070000
"956","2015-2016",2016,3,262740.742298572,2.11829,0.0548463,323070000
"957","2015-2016",2016,4,354312.385366521,2.25112,0.0695974,323070000
"958","2015-2016",2016,5,520072.253519077,2.37116,0.0969858,323070000
"959","2015-2016",2016,6,794729.925276557,2.80035,0.125491,323070000
"960","2015-2016",2016,7,1111912.20513392,3.16475,0.155359,323070000
"961","2015-2016",2016,8,1308819.64457468,3.15183,0.183621,323070000
"962","2015-2016",2016,9,1590731.26498024,3.3321,0.211098,323070000
"963","2015-2016",2016,10,1903796.88620315,3.56024,0.236454,323070000
"964","2015-2016",2016,11,1379741.06184961,3.05479,0.19972,323070000
"965","2015-2016",2016,12,1155958.14820452,2.76732,0.184709,323070000
"966","2015-2016",2016,13,895974.853320508,2.44161,0.162265,323070000
"967","2015-2016",2016,14,644571.441856373,2.03348,0.140164,323070000
"968","2015-2016",2016,15,594459.030534923,1.98593,0.132362,323070000
"969","2015-2016",2016,16,534731.22136859,1.91514,0.123464,323070000
"970","2015-2016",2016,17,394432.493700168,1.69968,0.102615,323070000
"971","2015-2016",2016,18,289503.370691558,1.57635,0.0812094,323070000
"972","2015-2016",2016,19,210688.768337008,1.3935,0.0668559,323070000
"973","2015-2016",2016,20,170764.554993676,1.29941,0.0581108,323070000
"974",NA,2016,21,126338.548003294,1.18379,0.0471918,323070000
"975",NA,2016,22,78685.2695732565,1.13723,0.030595,323070000
"976",NA,2016,23,71110.8811485349,1.04118,0.0302006,323070000
"977",NA,2016,24,40202.7383065451,0.971814,0.0182927,323070000
"978",NA,2016,25,33429.8336093734,0.863306,0.0171228,323070000
"979",NA,2016,26,23053.8224212395,0.833797,0.0122261,323070000
"980",NA,2016,27,16026.3364785024,0.784516,0.00903312,323070000
"981",NA,2016,28,14433.7906531746,0.734327,0.00869153,323070000
"982",NA,2016,29,13420.7828094457,0.698845,0.00849185,323070000
"983",NA,2016,30,12784.5136197322,0.723099,0.00781793,323070000
"984",NA,2016,31,14013.4927907242,0.663501,0.00933921,323070000
"985",NA,2016,32,14111.7000017024,0.69276,0.00900745,323070000
"986",NA,2016,33,12901.6991573654,0.710029,0.00803482,323070000
"987",NA,2016,34,26504.0030148155,0.834232,0.0140485,323070000
"988",NA,2016,35,37661.2754404169,0.992621,0.0167771,323070000
"989",NA,2016,36,33581.2366406517,1.01605,0.0146146,323070000
"990",NA,2016,37,36658.4071068715,1.07169,0.0151255,323070000
"991",NA,2016,38,43382.6918699674,1.10163,0.0174135,323070000
"992",NA,2016,39,47938.0480935302,1.18841,0.0178369,323070000
"993","2016-2017",2016,40,42660.6132310281,1.2019,0.0156951,323070000
"994","2016-2017",2016,41,37839.4784391809,1.23108,0.0135914,323070000
"995","2016-2017",2016,42,40231.8754029562,1.26796,0.0140304,323070000
"996","2016-2017",2016,43,46501.1845211852,1.36298,0.0150862,323070000
"997","2016-2017",2016,44,64350.0227030083,1.48535,0.0191569,323070000
"998","2016-2017",2016,45,77622.8397898199,1.55954,0.0220089,323070000
"999","2016-2017",2016,46,95998.9367190453,1.64783,0.0257608,323070000
"1000","2016-2017",2016,47,144811.584820807,1.91275,0.0334773,323070000
"1001","2016-2017",2016,48,136404.810488677,1.81725,0.033191,323070000
"1002","2016-2017",2016,49,184419.917252823,1.91433,0.0425987,323070000
"1003","2016-2017",2016,50,334034.708003429,2.21003,0.0668342,323070000
"1004","2016-2017",2016,51,667045.204979261,2.73568,0.107819,323070000
"1005","2016-2017",2016,52,1066385.75759802,3.36832,0.139993,323070000
"1006","2016-2017",2017,1,940547.195385742,3.09689,0.133436,325150000
"1007","2016-2017",2017,2,1075394.94535109,3.07346,0.15373,325150000
"1008","2016-2017",2017,3,1463572.9197568,3.51643,0.182865,325150000
"1009","2016-2017",2017,4,1603787.92244017,3.8027,0.185299,325150000
"1010","2016-2017",2017,5,2195564.30385385,4.50313,0.214215,325150000
"1011","2016-2017",2017,6,2783291.40659185,5.06308,0.241525,325150000
"1012","2016-2017",2017,7,2711437.15342031,4.86009,0.245117,325150000
"1013","2016-2017",2017,8,2576948.10982262,4.57916,0.247251,325150000
"1014","2016-2017",2017,9,1600606.29018444,3.55674,0.19772,325150000
"1015","2016-2017",2017,10,1537022.52228775,3.50417,0.192714,325150000
"1016","2016-2017",2017,11,1392846.11182204,3.21511,0.190338,325150000
"1017","2016-2017",2017,12,1391175.83767341,3.10088,0.197113,325150000
"1018","2016-2017",2017,13,1173850.33872781,2.79056,0.184816,325150000
"1019","2016-2017",2017,14,837497.936696369,2.38547,0.154251,325150000
"1020","2016-2017",2017,15,571303.045024425,1.9703,0.127395,325150000
"1021","2016-2017",2017,16,382772.142940627,1.73442,0.0969626,325150000
"1022","2016-2017",2017,17,240765.392241284,1.56303,0.0676776,325150000
"1023","2016-2017",2017,18,190283.976682688,1.4128,0.0591752,325150000
"1024","2016-2017",2017,19,154741.569833782,1.27492,0.0533264,325150000
"1025","2016-2017",2017,20,142048.155863502,1.2834,0.0486286,325150000
"1026",NA,2017,21,115565.120573366,1.16663,0.0435223,325150000
"1027",NA,2017,22,105209.464294845,1.10977,0.0416524,325150000
"1028",NA,2017,23,80403.0438667449,1.04333,0.0338586,325150000
"1029",NA,2017,24,63088.3472352083,0.905151,0.0306229,325150000
"1030",NA,2017,25,54433.7580604835,0.902718,0.0264932,325150000
"1031",NA,2017,26,49573.7380283702,0.859531,0.0253401,325150000
"1032",NA,2017,27,40597.9933939039,0.818998,0.0217791,325150000
"1033",NA,2017,28,37062.3018824058,0.752505,0.0216392,325150000
"1034",NA,2017,29,30602.4239897603,0.731146,0.0183895,325150000
"1035",NA,2017,30,30143.5988018443,0.733295,0.0180607,325150000
"1036",NA,2017,31,32410.9000878516,0.73102,0.0194796,325150000
"1037",NA,2017,32,29774.7490250336,0.68834,0.0190048,325150000
"1038",NA,2017,33,22373.6333559832,0.732049,0.0134281,325150000
"1039",NA,2017,34,29736.1284387107,0.911188,0.0143382,325150000
"1040",NA,2017,35,44976.7763588587,1.02105,0.0193535,325150000
"1041",NA,2017,36,47053.4939853685,1.09495,0.0188806,325150000
"1042",NA,2017,37,47248.2225356225,1.09475,0.0189622,325150000
"1043",NA,2017,38,41711.0244247025,1.09775,0.0166942,325150000
"1044",NA,2017,39,46083.5259077193,1.18882,0.0170313,325150000
"1045","2017-2018",2017,40,63442.0680316489,1.26589,0.0220191,325150000
"1046","2017-2018",2017,41,62060.7117233512,1.30479,0.0208975,325150000
"1047","2017-2018",2017,42,66417.4640419763,1.34075,0.0217647,325150000
"1048","2017-2018",2017,43,89162.4584991483,1.51674,0.0258279,325150000
"1049","2017-2018",2017,44,143339.144549482,1.74583,0.0360729,325150000
"1050","2017-2018",2017,45,182314.477775685,1.88708,0.0424472,325150000
"1051","2017-2018",2017,46,248390.317903999,2.05923,0.0529966,325150000
"1052","2017-2018",2017,47,367761.895855203,2.27971,0.070877,325150000
"1053","2017-2018",2017,48,379732.531231732,2.28379,0.0730533,325150000
"1054","2017-2018",2017,49,631666.373830807,2.58278,0.107453,325150000
"1055","2017-2018",2017,50,1176220.40429609,3.36558,0.153549,325150000
"1056","2017-2018",2017,51,2452713.79381794,4.73117,0.22777,325150000
"1057","2017-2018",2017,52,3298949.5175324,5.70943,0.253864,325150000
"1058","2017-2018",2018,1,3338266.26901338,5.74658,0.253653,327170000
"1059","2017-2018",2018,2,3635556.14147068,5.89207,0.269421,327170000
"1060","2017-2018",2018,3,4035235.26597731,6.51759,0.27034,327170000
"1061","2017-2018",2018,4,4490152.87898765,7.16338,0.273698,327170000
"1062","2017-2018",2018,5,4661900.03489498,7.52133,0.270643,327170000
"1063","2017-2018",2018,6,4567736.4058004,7.38748,0.269981,327170000
"1064","2017-2018",2018,7,3856124.44491785,6.44688,0.261174,327170000
"1065","2017-2018",2018,8,2568355.73434785,4.95881,0.226155,327170000
"1066","2017-2018",2018,9,1560631.53040135,3.68612,0.184867,327170000
"1067","2017-2018",2018,10,1145198.68120686,3.18626,0.156938,327170000
"1068","2017-2018",2018,11,988072.355424962,2.76894,0.155813,327170000
"1069","2017-2018",2018,12,873058.346217792,2.48706,0.15328,327170000
"1070","2017-2018",2018,13,833482.823042513,2.40802,0.151135,327170000
"1071","2017-2018",2018,14,602940.677997118,2.07483,0.126888,327170000
"1072","2017-2018",2018,15,458290.709366613,1.77898,0.112486,327170000
"1073","2017-2018",2018,16,347576.598462557,1.61487,0.0939813,327170000
"1074","2017-2018",2018,17,281832.894329294,1.5385,0.0799876,327170000
"1075","2017-2018",2018,18,218763.50025032,1.52612,0.0625914,327170000
"1076","2017-2018",2018,19,129633.695856769,1.28847,0.0439311,327170000
"1077","2017-2018",2018,20,85809.8018624481,1.18344,0.0316606,327170000
"1078",NA,2018,21,68375.9487265238,1.24919,0.0239003,327170000
"1079",NA,2018,22,39974.1450676273,1.14131,0.0152934,327170000
"1080",NA,2018,23,35671.8316606806,0.9878,0.0157683,327170000
"1081",NA,2018,24,26645.5433750868,0.895565,0.0129914,327170000
"1082",NA,2018,25,20909.0552420832,0.892204,0.0102329,327170000
"1083",NA,2018,26,22370.5075587446,0.877184,0.0111356,327170000
"1084",NA,2018,27,17922.6288855114,0.780203,0.0100305,327170000
"1085",NA,2018,28,15212.6846107568,0.725075,0.00916118,327170000
"1086",NA,2018,29,16464.4942006062,0.68247,0.010534,327170000
"1087",NA,2018,30,14594.3373198947,0.640393,0.00995099,327170000
"1088",NA,2018,31,13957.9384129625,0.639127,0.00953592,327170000
"1089",NA,2018,32,15470.2161299801,0.705637,0.0095729,327170000
"1090",NA,2018,33,12389.7961254675,0.707801,0.00764331,327170000
"1091",NA,2018,34,25175.5568607436,0.822659,0.0133625,327170000
"1092",NA,2018,35,29611.0505583837,0.859864,0.0150367,327170000
"1093",NA,2018,36,44053.621542464,1.10083,0.0174739,327170000
"1094",NA,2018,37,44567.5087982807,1.15323,0.0168745,327170000
"1095",NA,2018,38,46769.6357871788,1.20178,0.0169929,327170000
"1096",NA,2018,39,42848.0373181938,1.2498,0.0149699,327170000
"1097","2018-2019",2018,40,56925.7359684573,1.42154,0.0174855,327170000
"1098","2018-2019",2018,41,54525.8368670106,1.40322,0.016967,327170000
"1099","2018-2019",2018,42,66779.6667909756,1.4718,0.0198118,327170000
"1100","2018-2019",2018,43,77336.1362566705,1.63934,0.0205988,327170000
"1101","2018-2019",2018,44,89367.0263938025,1.79125,0.0217846,327170000
"1102","2018-2019",2018,45,117320.839077296,1.87052,0.0273868,327170000
"1103","2018-2019",2018,46,143748.018174316,1.98992,0.0315424,327170000
"1104","2018-2019",2018,47,202014.667860663,2.24157,0.0393513,327170000
"1105","2018-2019",2018,48,192945.470362241,2.15249,0.0391401,327170000
"1106","2018-2019",2018,49,324216.16027132,2.26789,0.0624225,327170000
"1107","2018-2019",2018,50,628931.21191466,2.64686,0.103753,327170000
"1108","2018-2019",2018,51,1027053.24011072,3.14002,0.14282,327170000
"1109","2018-2019",2018,52,1487824.43750214,3.97039,0.163624,327170000
"1110","2018-2019",2019,1,968252.937642245,3.46028,0.121443,329160000
"1111","2018-2019",2019,2,910472.732749944,3.10155,0.127404,329160000
"1112","2018-2019",2019,3,1249006.90937907,3.32091,0.163231,329160000
"1113","2018-2019",2019,4,1694304.61844083,3.79198,0.193919,329160000
"1114","2018-2019",2019,5,2259588.64360811,4.34763,0.225565,329160000
"1115","2018-2019",2019,6,2817818.22475477,4.86364,0.251447,329160000
"1116","2018-2019",2019,7,3036807.07592033,5.06551,0.260189,329160000
"1117","2018-2019",2019,8,2975573.2404216,4.9175,0.262616,329160000
"1118","2018-2019",2019,9,2758263.01224201,4.58791,0.260925,329160000
"1119","2018-2019",2019,10,2600757.97013924,4.40435,0.256279,329160000
"1120","2018-2019",2019,11,2557042.14453302,4.24706,0.261303,329160000
"1121","2018-2019",2019,12,1906974.40564482,3.68251,0.224748,329160000
"1122","2018-2019",2019,13,1383385.05930053,3.10851,0.193146,329160000
"1123","2018-2019",2019,14,931434.774031507,2.70664,0.149354,329160000
"1124","2018-2019",2019,15,633235.64683328,2.31031,0.118957,329160000
"1125","2018-2019",2019,16,402495.674378703,2.03128,0.0859976,329160000
"1126","2018-2019",2019,17,232558.445566138,1.73172,0.058284,329160000
"1127","2018-2019",2019,18,175882.670849886,1.5895,0.0480239,329160000
"1128","2018-2019",2019,19,134144.215253783,1.51653,0.0383898,329160000
"1129","2018-2019",2019,20,122236.145683536,1.49867,0.0353988,329160000
"1130",NA,2019,21,113137.088532686,1.4372,0.0341651,329160000
"1131",NA,2019,22,99885.0011307876,1.40973,0.030751,329160000
"1132",NA,2019,23,79271.9182863644,1.23513,0.0278549,329160000
"1133",NA,2019,24,60076.1579251361,1.12859,0.0231026,329160000
"1134",NA,2019,25,43947.376141032,1.00044,0.019065,329160000
"1135",NA,2019,26,45697.0283024411,0.957008,0.0207237,329160000
"1136",NA,2019,27,49279.7315785975,0.878199,0.024354,329160000
"1137",NA,2019,28,38579.1444859548,0.82135,0.0203854,329160000
"1138",NA,2019,29,39731.618747837,0.765398,0.0225291,329160000
"1139",NA,2019,30,40691.3749530288,0.739852,0.02387,329160000
"1140",NA,2019,31,40424.3517124815,0.728327,0.0240886,329160000
"1141",NA,2019,32,36161.1532663574,0.765332,0.0205063,329160000
"1142",NA,2019,33,35288.5328688078,0.739671,0.0207057,329160000
"1143",NA,2019,34,46968.8303884625,0.847964,0.0240396,329160000
"1144",NA,2019,35,79936.1411111303,0.993286,0.0349272,329160000
"1145",NA,2019,36,84173.1795607903,1.15531,0.0316206,329160000
"1146",NA,2019,37,80709.888175513,1.17811,0.0297328,329160000
